{
  "tp9_mean": -2.8650284468291694e-05,
  "tp9_std": 3.5948663630426086e-05,
  "tp10_mean": -2.8829554614633155e-05,
  "tp10_std": 4.366156341306938e-05
}